ahulback,4500070
akopplin,4500071
aburt,4500041
amorcillo,1500458
acurtis,4500045
aperez,4500019
bdershowitz,4500049
bwilliams,4500030
clorbiecki,4500072
cbylsma,1500524
chlopez,4500073
ccrist,4500044
djackson,4500012
dhowell,4500011
dsmith,4500026
dliggins,4500074
dfettig,4500075
ejimenez,4500089
ethomas,4500056
fcanals,4500042
fkohanowski,4500050
gyoung,4500035
grodenas,4500046
ghlebechuk,4500010
glupo,4500058
hhuynh,4500020
jcannon,4500076
jspence,4500077
jhart,4500009
jmeh,4500078
jgonzalez,1500462
jmiller,4500016
jlarson,4500057
jbarrera,4500040
jjpalomo,1500456
jmbengoechea,1500460
jcoran,4500043
jipalomo,1500457
jcamacho,4500047
kbalton,4500079
kwashington,4500080
ksmithey,4500025
kzink,4500060
lcain,4500081
lmalleis,4500014
llewis,4500082
lraylor,4500083
lwestling,1500354
mbernaldo,1500464
myanez,4500032
mmclaughlin,4500062
mslottke,4500065
mworley,4500031
mnayyar,4500017
mmaker,4500084
mallmann,4500061
mschlehenried,1500340
myee,4500034
menrique,1500459
nroessling,4500023
nfriend,4500007
ocarcelen,1500463
ppavloski,1500441
rlindsay,4500085
rvila,4500029
rbutter,4500086
rrichards,4500021
ralonso,1500461
rdotson,4500087
srodriguez,4500055
sgeerdes,4500008
tdiaz,4500022
tskyles,4500024
tthomas,4500027
vtaylor,4500088
wyee,4500033
ymartinez,4500015